<?xml version="1.0" encoding="UTF-8" standalone="yes"?>
<addon id="plugin.video.foxystreams" name="FoxyStreams" version="0.0.11" provider-name="ruinernin">
    <requires>
        <import addon="xbmc.python" version="2.25.0"/>
        <import addon="script.module.requests" version="2.22.0"/>
    </requires>
    <extension point="xbmc.python.pluginsource" library="addon.py">
        <provides>video</provides>
    </extension>
    <extension point="xbmc.addon.repository" name="FoxyStreams">
        <info compressed="false">https://raw.githubusercontent.com/ruinernin/foxystreams/master/zips/addons.xml</info>
        <checksum>https://raw.githubusercontent.com/ruinernin/foxystreams/master/zips/addons.xml.md5</checksum>
        <datadir zip="true">https://raw.githubusercontent.com/ruinernin/foxystreams/master/zips/</datadir>
    </extension>
</addon>
